  {
  "project_info": {
    "project_number": "267926024115",
    "firebase_url": "https://fir-demo-58a8e.firebaseio.com",
    "project_id": "fir-demo-58a8e",
    "storage_bucket": "fir-demo-58a8e.appspot.com"
  },
  "client": [
    {
      "client_info": {
        "mobilesdk_app_id": "1:267926024115:android:81b79794d7cfc3c5",
        "android_client_info": {
          "package_name": "demo.firebase.dhruvi.firebasedemo"
        }
      },
      "oauth_client": [
        {
          "client_id": "267926024115-hdstkkvacd9bcvkhbq4hunnrt3s8tt24.apps.googleusercontent.com",
          "client_type": 3
        }
      ],
      "api_key": [
        {
          "current_key": "AIzaSyDvCPlsndtAdH6b0QM2bnhyRXvLRIGrsfo"
        }
      ],
      "services": {
        "analytics_service": {
          "status": 1
        },
        "appinvite_service": {
          "status": 1,
          "other_platform_oauth_client": []
        },
        "ads_service": {
          "status": 2
        }
      }
    }
  ],
  "configuration_version": "1"
}